date,service_line,active_clients,new_clients,churned_clients,new_leads,revenue_usd,marketing_spend_usd,projects_completed,avg_deal_size_usd
2018-01-01,Celebrity Management,0,0,0,0,0.0,0.0,0,0.0
2018-02-01,Celebrity Management,0,0,0,0,0.0,0.0,0,0.0
2018-03-01,Celebrity Management,0,0,0,0,0.0,0.0,0,0.0
2018-04-01,Celebrity Management,0,0,0,0,0.0,0.0,0,0.0
2018-05-01,Celebrity Management,0,0,0,0,0.0,0.0,0,0.0
2018-06-01,Celebrity Management,0,0,0,0,0.0,0.0,0,0.0
2018-07-01,Celebrity Management,0,0,0,0,0.0,0.0,0,0.0
2018-08-01,Celebrity Management,0,0,0,0,0.0,0.0,0,0.0
2018-09-01,Celebrity Management,0,0,0,0,0.0,0.0,0,0.0
2018-10-01,Celebrity Management,0,0,0,0,0.0,0.0,0,0.0
2018-11-01,Celebrity Management,0,0,0,0,0.0,0.0,0,0.0
2018-12-01,Celebrity Management,0,0,0,0,0.0,0.0,0,0.0
2019-01-01,Celebrity Management,0,0,0,0,0.0,0.0,0,0.0
2019-02-01,Celebrity Management,0,0,0,0,0.0,0.0,0,0.0
2019-03-01,Celebrity Management,0,0,0,0,0.0,0.0,0,0.0
2019-04-01,Celebrity Management,0,0,0,0,0.0,0.0,0,0.0
2019-05-01,Celebrity Management,0,0,0,0,0.0,0.0,0,0.0
2019-06-01,Celebrity Management,0,0,0,0,0.0,0.0,0,0.0
2019-07-01,Celebrity Management,0,0,0,0,0.0,0.0,0,0.0
2019-08-01,Celebrity Management,0,0,0,0,0.0,0.0,0,0.0
2019-09-01,Celebrity Management,0,0,0,0,0.0,0.0,0,0.0
2019-10-01,Celebrity Management,0,0,0,0,0.0,0.0,0,0.0
2019-11-01,Celebrity Management,0,0,0,0,0.0,0.0,0,0.0
2019-12-01,Celebrity Management,0,0,0,0,0.0,0.0,0,0.0
2020-01-01,Celebrity Management,0,0,0,0,0.0,0.0,0,0.0
2020-02-01,Celebrity Management,0,0,0,0,0.0,0.0,0,0.0
2020-03-01,Celebrity Management,0,0,0,0,0.0,0.0,0,0.0
2020-04-01,Celebrity Management,0,0,0,0,0.0,0.0,0,0.0
2020-05-01,Celebrity Management,0,0,0,0,0.0,0.0,0,0.0
2020-06-01,Celebrity Management,0,0,0,0,0.0,0.0,0,0.0
2020-07-01,Celebrity Management,0,0,0,0,0.0,0.0,0,0.0
2020-08-01,Celebrity Management,0,0,0,0,0.0,0.0,0,0.0
2020-09-01,Celebrity Management,0,0,0,0,0.0,0.0,0,0.0
2020-10-01,Celebrity Management,0,0,0,0,0.0,0.0,0,0.0
2020-11-01,Celebrity Management,0,0,0,0,0.0,0.0,0,0.0
2020-12-01,Celebrity Management,0,0,0,0,0.0,0.0,0,0.0
2021-01-01,Celebrity Management,3,0,0,0,7100.48,821.17,1,8187.53
2021-02-01,Celebrity Management,3,0,0,0,5865.56,405.16,1,4551.8
2021-03-01,Celebrity Management,3,0,0,0,7313.1,570.8,1,6620.62
2021-04-01,Celebrity Management,3,0,0,0,6793.15,503.93,2,8852.65
2021-05-01,Celebrity Management,3,0,0,0,6701.93,605.12,0,3366.11
2021-06-01,Celebrity Management,3,0,0,0,5654.97,389.4,0,5891.66
2021-07-01,Celebrity Management,3,0,0,0,5816.3,739.07,1,3814.83
2021-08-01,Celebrity Management,3,0,0,0,6413.77,398.07,2,2766.67
2021-09-01,Celebrity Management,3,0,0,0,7054.22,574.73,1,8735.96
2021-10-01,Celebrity Management,3,0,0,0,7254.11,952.19,1,7826.92
2021-11-01,Celebrity Management,3,0,0,0,8349.94,931.43,1,11914.78
2021-12-01,Celebrity Management,3,0,0,0,8948.29,600.51,1,7245.97
2022-01-01,Celebrity Management,3,0,0,0,8429.21,608.72,1,9239.5
2022-02-01,Celebrity Management,3,0,0,0,6392.59,577.13,0,9211.65
2022-03-01,Celebrity Management,3,0,0,0,5802.04,464.08,1,4250.73
2022-04-01,Celebrity Management,3,0,0,0,6730.09,585.22,1,6960.15
2022-05-01,Celebrity Management,3,0,0,0,6077.55,674.81,0,11103.13
2022-06-01,Celebrity Management,3,0,0,0,5737.69,573.71,1,11233.06
2022-07-01,Celebrity Management,3,0,0,0,5928.19,416.89,0,6984.54
2022-08-01,Celebrity Management,3,0,0,0,6217.62,398.73,0,4453.84
2022-09-01,Celebrity Management,3,0,0,0,6720.64,652.07,1,4442.51
2022-10-01,Celebrity Management,3,0,0,0,7832.02,550.36,0,9654.54
2022-11-01,Celebrity Management,3,0,0,0,7998.69,965.59,0,8447.2
2022-12-01,Celebrity Management,3,0,0,0,7382.0,752.75,1,10229.94
2023-01-01,Celebrity Management,3,0,0,0,8932.16,1077.97,1,4483.18
2023-02-01,Celebrity Management,3,0,0,0,7091.33,817.43,1,3996.09
2023-03-01,Celebrity Management,3,0,0,0,7691.75,704.56,1,9937.15
2023-04-01,Celebrity Management,3,0,0,0,7393.6,673.43,1,6695.42
2023-05-01,Celebrity Management,3,0,0,0,8427.69,1053.66,1,7962.64
2023-06-01,Celebrity Management,3,0,0,0,6239.15,516.43,1,6952.1
2023-07-01,Celebrity Management,3,0,0,0,6635.67,776.57,1,9593.94
2023-08-01,Celebrity Management,3,0,0,0,7343.74,873.01,1,5032.75
2023-09-01,Celebrity Management,3,0,0,0,7602.54,483.78,1,8268.47
2023-10-01,Celebrity Management,3,0,0,0,10582.58,1257.15,1,5802.88
2023-11-01,Celebrity Management,3,0,0,0,9561.81,1082.24,1,8761.06
2023-12-01,Celebrity Management,4,1,0,9,10530.32,1125.8,1,2616.33
2024-01-01,Celebrity Management,4,0,0,0,10171.93,648.27,1,10835.89
2024-02-01,Celebrity Management,4,0,0,0,8621.36,841.06,1,3910.21
2024-03-01,Celebrity Management,4,0,0,0,9400.61,729.17,1,5387.62
2024-04-01,Celebrity Management,5,1,0,9,8750.36,1219.72,0,2750.76
2024-05-01,Celebrity Management,5,0,0,0,9579.04,1144.02,1,4130.56
2024-06-01,Celebrity Management,5,0,0,0,8181.57,857.11,1,7420.92
2024-07-01,Celebrity Management,5,0,0,0,9009.92,815.21,0,4782.7
2024-08-01,Celebrity Management,5,0,0,0,8802.94,1193.19,1,4682.45
2024-09-01,Celebrity Management,5,0,0,0,8282.25,849.75,1,7266.3
2024-10-01,Celebrity Management,5,0,0,0,10247.75,1401.78,1,8435.26
2024-11-01,Celebrity Management,5,0,0,0,11848.12,1627.21,1,4191.46
2024-12-01,Celebrity Management,5,0,0,0,10864.35,955.27,1,9083.26
2025-01-01,Celebrity Management,5,0,0,0,9604.57,699.11,1,6243.44
2025-02-01,Celebrity Management,5,0,0,0,9732.17,783.73,1,4600.59
2025-03-01,Celebrity Management,5,0,0,0,10353.26,842.32,1,3691.16
2025-04-01,Celebrity Management,5,0,0,0,9355.57,997.69,2,6565.18
2025-05-01,Celebrity Management,6,1,0,6,9259.97,750.36,2,3074.4
2025-06-01,Celebrity Management,6,0,0,0,8990.68,783.29,1,6167.32
2025-07-01,Celebrity Management,7,1,0,7,8302.08,1155.14,1,2744.19
2025-08-01,Celebrity Management,6,0,1,0,9618.3,903.53,1,6080.71
2025-09-01,Celebrity Management,6,0,0,0,9820.24,963.95,2,10571.06
2025-10-01,Celebrity Management,6,0,0,0,14087.5,999.87,2,5546.46
2025-11-01,Celebrity Management,5,0,1,0,11328.9,1426.97,2,6844.71
2025-12-01,Celebrity Management,5,0,0,0,12310.23,796.51,1,10916.76
2026-01-01,Celebrity Management,5,0,0,0,11976.99,1252.0,2,5154.68
2026-02-01,Celebrity Management,5,0,0,0,9097.71,932.76,1,3662.75
2026-03-01,Celebrity Management,5,0,0,0,10690.02,1359.06,1,10635.31
2026-04-01,Celebrity Management,5,0,0,0,10288.48,723.74,1,6769.84
2026-05-01,Celebrity Management,5,0,0,0,10036.13,1037.89,1,5113.74
2026-06-01,Celebrity Management,5,0,0,0,10171.5,880.36,1,11781.56
2026-07-01,Celebrity Management,5,0,0,0,9171.16,936.09,1,2580.38
2026-08-01,Celebrity Management,5,0,0,0,10730.8,713.8,1,5074.34
2018-01-01,Digital PR,0,0,0,0,0.0,0.0,0,0.0
2018-02-01,Digital PR,0,0,0,0,0.0,0.0,0,0.0
2018-03-01,Digital PR,0,0,0,0,0.0,0.0,0,0.0
2018-04-01,Digital PR,0,0,0,0,0.0,0.0,0,0.0
2018-05-01,Digital PR,0,0,0,0,0.0,0.0,0,0.0
2018-06-01,Digital PR,0,0,0,0,0.0,0.0,0,0.0
2018-07-01,Digital PR,0,0,0,0,0.0,0.0,0,0.0
2018-08-01,Digital PR,0,0,0,0,0.0,0.0,0,0.0
2018-09-01,Digital PR,0,0,0,0,0.0,0.0,0,0.0
2018-10-01,Digital PR,0,0,0,0,0.0,0.0,0,0.0
2018-11-01,Digital PR,0,0,0,0,0.0,0.0,0,0.0
2018-12-01,Digital PR,0,0,0,0,0.0,0.0,0,0.0
2019-01-01,Digital PR,3,0,0,0,8347.18,517.86,2,3498.82
2019-02-01,Digital PR,3,0,0,0,8542.09,556.24,2,3373.81
2019-03-01,Digital PR,3,0,0,0,7620.4,945.75,2,2122.45
2019-04-01,Digital PR,3,0,0,0,8262.88,677.54,3,3197.54
2019-05-01,Digital PR,4,1,0,9,9154.77,930.69,3,2202.7
2019-06-01,Digital PR,5,1,0,6,8152.14,873.66,2,1707.02
2019-07-01,Digital PR,5,0,0,0,7773.58,688.0,2,1732.2
2019-08-01,Digital PR,5,0,0,0,8821.71,950.23,3,2833.92
2019-09-01,Digital PR,5,0,0,0,7819.33,491.87,1,2794.82
2019-10-01,Digital PR,5,0,0,0,9120.42,1243.49,4,2348.67
2019-11-01,Digital PR,5,0,0,0,9552.35,1294.94,2,2613.66
2019-12-01,Digital PR,6,1,0,6,9369.5,1256.96,3,2897.27
2020-01-01,Digital PR,6,0,0,0,7978.56,1057.76,2,2795.93
2020-02-01,Digital PR,7,1,0,7,7691.51,543.93,2,2003.42
2020-03-01,Digital PR,7,1,1,12,6524.48,835.28,1,1964.16
2020-04-01,Digital PR,7,0,0,0,6247.12,813.86,2,2305.23
2020-05-01,Digital PR,8,1,0,11,6031.64,633.05,2,2615.2
2020-06-01,Digital PR,8,0,0,0,6152.67,548.5,1,2692.48
2020-07-01,Digital PR,7,0,1,0,7936.82,831.3,3,3013.09
2020-08-01,Digital PR,7,1,1,12,8505.76,1049.17,3,3064.57
2020-09-01,Digital PR,7,1,1,7,8160.69,686.32,3,2076.4
2020-10-01,Digital PR,8,1,0,7,8420.92,796.51,2,2394.25
2020-11-01,Digital PR,8,1,1,6,9227.25,969.22,3,2628.59
2020-12-01,Digital PR,7,0,1,0,8803.99,529.98,2,2992.27
2021-01-01,Digital PR,7,1,1,8,10390.56,1333.49,3,3132.71
2021-02-01,Digital PR,8,1,0,8,9896.29,1235.01,2,2789.75
2021-03-01,Digital PR,8,1,1,6,11264.61,1356.59,2,2914.53
2021-04-01,Digital PR,8,1,1,11,9565.44,865.44,3,3030.75
2021-05-01,Digital PR,8,1,1,12,10870.1,666.55,3,1807.06
2021-06-01,Digital PR,7,0,1,0,11074.45,933.43,2,3090.65
2021-07-01,Digital PR,8,1,0,8,9884.65,1381.99,5,1950.5
2021-08-01,Digital PR,8,1,1,9,11315.5,1402.31,4,2606.4
2021-09-01,Digital PR,8,1,1,6,8810.15,658.61,2,2528.64
2021-10-01,Digital PR,9,1,0,6,11953.15,851.49,4,2465.82
2021-11-01,Digital PR,10,1,0,6,11115.11,732.45,3,2274.03
2021-12-01,Digital PR,10,1,1,8,11220.12,1107.84,2,2944.96
2022-01-01,Digital PR,11,1,0,12,11025.36,1541.5,3,2156.14
2022-02-01,Digital PR,11,1,1,8,10455.72,811.4,2,2376.63
2022-03-01,Digital PR,11,1,1,7,10044.81,865.87,3,1992.95
2022-04-01,Digital PR,11,1,1,9,11467.88,1572.74,3,2889.07
2022-05-01,Digital PR,11,1,1,6,11036.22,1255.87,2,3171.03
2022-06-01,Digital PR,11,1,1,7,10629.15,690.31,2,3430.28
2022-07-01,Digital PR,12,1,0,6,10243.59,759.22,5,2568.76
2022-08-01,Digital PR,12,1,1,9,9200.71,706.76,3,2278.67
2022-09-01,Digital PR,12,1,1,6,10671.41,689.19,5,1665.87
2022-10-01,Digital PR,12,1,1,10,11185.6,786.2,4,2858.9
2022-11-01,Digital PR,12,1,1,6,12697.62,1654.06,4,2721.65
2022-12-01,Digital PR,12,1,1,8,11542.21,1142.26,3,1606.67
2023-01-01,Digital PR,12,1,1,12,13725.1,1482.61,6,3404.57
2023-02-01,Digital PR,12,1,1,12,11245.7,1061.62,2,2347.17
2023-03-01,Digital PR,11,0,1,0,12037.44,1367.54,4,2868.61
2023-04-01,Digital PR,11,1,1,6,12271.11,1553.39,3,3016.74
2023-05-01,Digital PR,11,1,1,6,12465.74,1178.12,3,2450.41
2023-06-01,Digital PR,11,1,1,6,10073.39,1335.25,3,1997.84
2023-07-01,Digital PR,10,0,1,0,10888.6,1037.65,3,3449.93
2023-08-01,Digital PR,10,1,1,10,12028.28,1565.02,3,2521.51
2023-09-01,Digital PR,10,1,1,8,12082.46,1057.28,4,2523.06
2023-10-01,Digital PR,11,2,1,23,13328.4,1064.88,7,1830.16
2023-11-01,Digital PR,11,1,1,6,13014.02,1781.63,4,2173.97
2023-12-01,Digital PR,12,1,0,6,13419.77,1837.79,7,2482.61
2024-01-01,Digital PR,12,1,1,6,12497.73,877.72,4,1952.38
2024-02-01,Digital PR,12,1,1,7,12014.16,1348.56,3,2149.54
2024-03-01,Digital PR,12,1,1,9,13394.27,994.61,5,2046.98
2024-04-01,Digital PR,12,1,1,7,13136.32,932.74,3,2759.17
2024-05-01,Digital PR,12,1,1,7,13545.15,1723.97,3,2280.52
2024-06-01,Digital PR,12,1,1,9,12145.59,1047.28,3,1562.17
2024-07-01,Digital PR,12,1,1,9,13181.13,1254.69,2,2741.84
2024-08-01,Digital PR,12,1,1,7,12653.24,1374.78,3,2065.96
2024-09-01,Digital PR,12,1,1,8,12142.65,998.32,4,2910.9
2024-10-01,Digital PR,13,2,1,13,15681.12,1043.04,3,1939.78
2024-11-01,Digital PR,13,1,1,7,15151.49,1221.07,4,2187.42
2024-12-01,Digital PR,13,1,1,6,12788.38,1189.13,7,1907.38
2025-01-01,Digital PR,13,1,1,7,13860.89,1345.75,2,2337.17
2025-02-01,Digital PR,13,1,1,11,12190.39,1378.31,3,3198.78
2025-03-01,Digital PR,13,1,1,11,14843.01,1118.94,7,2740.16
2025-04-01,Digital PR,13,1,1,6,13467.29,1757.46,4,2560.69
2025-05-01,Digital PR,13,1,1,8,13783.22,1163.21,4,2449.06
2025-06-01,Digital PR,13,1,1,9,13829.14,1850.83,5,2361.0
2025-07-01,Digital PR,13,1,1,8,13973.14,1493.57,3,3157.3
2025-08-01,Digital PR,13,1,1,8,16233.84,1095.09,6,2027.1
2025-09-01,Digital PR,13,1,1,10,13719.66,923.2,3,2716.6
2025-10-01,Digital PR,13,1,1,12,16171.81,1737.94,4,3418.05
2025-11-01,Digital PR,13,1,1,7,17691.53,1449.08,4,2291.93
2025-12-01,Digital PR,13,1,1,11,16403.79,1669.1,5,2364.18
2026-01-01,Digital PR,13,1,1,7,16937.97,1134.63,5,1609.55
2026-02-01,Digital PR,13,1,1,8,13496.28,1879.16,3,2244.16
2026-03-01,Digital PR,13,1,1,12,15420.97,1042.75,4,1661.36
2026-04-01,Digital PR,13,1,1,10,14072.61,1450.48,5,2932.2
2026-05-01,Digital PR,13,1,1,10,15030.5,2019.82,7,1823.16
2026-06-01,Digital PR,13,1,1,7,15470.92,1202.64,5,2001.22
2026-07-01,Digital PR,13,1,1,7,15671.47,1542.11,3,3092.93
2026-08-01,Digital PR,13,1,1,8,17230.37,1465.72,4,2780.75
2018-01-01,GEO / AEO (AI Search) Services,0,0,0,0,0.0,0.0,0,0.0
2018-02-01,GEO / AEO (AI Search) Services,0,0,0,0,0.0,0.0,0,0.0
2018-03-01,GEO / AEO (AI Search) Services,0,0,0,0,0.0,0.0,0,0.0
2018-04-01,GEO / AEO (AI Search) Services,0,0,0,0,0.0,0.0,0,0.0
2018-05-01,GEO / AEO (AI Search) Services,0,0,0,0,0.0,0.0,0,0.0
2018-06-01,GEO / AEO (AI Search) Services,0,0,0,0,0.0,0.0,0,0.0
2018-07-01,GEO / AEO (AI Search) Services,0,0,0,0,0.0,0.0,0,0.0
2018-08-01,GEO / AEO (AI Search) Services,0,0,0,0,0.0,0.0,0,0.0
2018-09-01,GEO / AEO (AI Search) Services,0,0,0,0,0.0,0.0,0,0.0
2018-10-01,GEO / AEO (AI Search) Services,0,0,0,0,0.0,0.0,0,0.0
2018-11-01,GEO / AEO (AI Search) Services,0,0,0,0,0.0,0.0,0,0.0
2018-12-01,GEO / AEO (AI Search) Services,0,0,0,0,0.0,0.0,0,0.0
2019-01-01,GEO / AEO (AI Search) Services,0,0,0,0,0.0,0.0,0,0.0
2019-02-01,GEO / AEO (AI Search) Services,0,0,0,0,0.0,0.0,0,0.0
2019-03-01,GEO / AEO (AI Search) Services,0,0,0,0,0.0,0.0,0,0.0
2019-04-01,GEO / AEO (AI Search) Services,0,0,0,0,0.0,0.0,0,0.0
2019-05-01,GEO / AEO (AI Search) Services,0,0,0,0,0.0,0.0,0,0.0
2019-06-01,GEO / AEO (AI Search) Services,0,0,0,0,0.0,0.0,0,0.0
2019-07-01,GEO / AEO (AI Search) Services,0,0,0,0,0.0,0.0,0,0.0
2019-08-01,GEO / AEO (AI Search) Services,0,0,0,0,0.0,0.0,0,0.0
2019-09-01,GEO / AEO (AI Search) Services,0,0,0,0,0.0,0.0,0,0.0
2019-10-01,GEO / AEO (AI Search) Services,0,0,0,0,0.0,0.0,0,0.0
2019-11-01,GEO / AEO (AI Search) Services,0,0,0,0,0.0,0.0,0,0.0
2019-12-01,GEO / AEO (AI Search) Services,0,0,0,0,0.0,0.0,0,0.0
2020-01-01,GEO / AEO (AI Search) Services,0,0,0,0,0.0,0.0,0,0.0
2020-02-01,GEO / AEO (AI Search) Services,0,0,0,0,0.0,0.0,0,0.0
2020-03-01,GEO / AEO (AI Search) Services,0,0,0,0,0.0,0.0,0,0.0
2020-04-01,GEO / AEO (AI Search) Services,0,0,0,0,0.0,0.0,0,0.0
2020-05-01,GEO / AEO (AI Search) Services,0,0,0,0,0.0,0.0,0,0.0
2020-06-01,GEO / AEO (AI Search) Services,0,0,0,0,0.0,0.0,0,0.0
2020-07-01,GEO / AEO (AI Search) Services,0,0,0,0,0.0,0.0,0,0.0
2020-08-01,GEO / AEO (AI Search) Services,0,0,0,0,0.0,0.0,0,0.0
2020-09-01,GEO / AEO (AI Search) Services,0,0,0,0,0.0,0.0,0,0.0
2020-10-01,GEO / AEO (AI Search) Services,0,0,0,0,0.0,0.0,0,0.0
2020-11-01,GEO / AEO (AI Search) Services,0,0,0,0,0.0,0.0,0,0.0
2020-12-01,GEO / AEO (AI Search) Services,0,0,0,0,0.0,0.0,0,0.0
2021-01-01,GEO / AEO (AI Search) Services,0,0,0,0,0.0,0.0,0,0.0
2021-02-01,GEO / AEO (AI Search) Services,0,0,0,0,0.0,0.0,0,0.0
2021-03-01,GEO / AEO (AI Search) Services,0,0,0,0,0.0,0.0,0,0.0
2021-04-01,GEO / AEO (AI Search) Services,0,0,0,0,0.0,0.0,0,0.0
2021-05-01,GEO / AEO (AI Search) Services,0,0,0,0,0.0,0.0,0,0.0
2021-06-01,GEO / AEO (AI Search) Services,0,0,0,0,0.0,0.0,0,0.0
2021-07-01,GEO / AEO (AI Search) Services,0,0,0,0,0.0,0.0,0,0.0
2021-08-01,GEO / AEO (AI Search) Services,0,0,0,0,0.0,0.0,0,0.0
2021-09-01,GEO / AEO (AI Search) Services,0,0,0,0,0.0,0.0,0,0.0
2021-10-01,GEO / AEO (AI Search) Services,0,0,0,0,0.0,0.0,0,0.0
2021-11-01,GEO / AEO (AI Search) Services,0,0,0,0,0.0,0.0,0,0.0
2021-12-01,GEO / AEO (AI Search) Services,0,0,0,0,0.0,0.0,0,0.0
2022-01-01,GEO / AEO (AI Search) Services,0,0,0,0,0.0,0.0,0,0.0
2022-02-01,GEO / AEO (AI Search) Services,0,0,0,0,0.0,0.0,0,0.0
2022-03-01,GEO / AEO (AI Search) Services,0,0,0,0,0.0,0.0,0,0.0
2022-04-01,GEO / AEO (AI Search) Services,0,0,0,0,0.0,0.0,0,0.0
2022-05-01,GEO / AEO (AI Search) Services,0,0,0,0,0.0,0.0,0,0.0
2022-06-01,GEO / AEO (AI Search) Services,0,0,0,0,0.0,0.0,0,0.0
2022-07-01,GEO / AEO (AI Search) Services,0,0,0,0,0.0,0.0,0,0.0
2022-08-01,GEO / AEO (AI Search) Services,0,0,0,0,0.0,0.0,0,0.0
2022-09-01,GEO / AEO (AI Search) Services,0,0,0,0,0.0,0.0,0,0.0
2022-10-01,GEO / AEO (AI Search) Services,0,0,0,0,0.0,0.0,0,0.0
2022-11-01,GEO / AEO (AI Search) Services,0,0,0,0,0.0,0.0,0,0.0
2022-12-01,GEO / AEO (AI Search) Services,0,0,0,0,0.0,0.0,0,0.0
2023-01-01,GEO / AEO (AI Search) Services,0,0,0,0,0.0,0.0,0,0.0
2023-02-01,GEO / AEO (AI Search) Services,0,0,0,0,0.0,0.0,0,0.0
2023-03-01,GEO / AEO (AI Search) Services,0,0,0,0,0.0,0.0,0,0.0
2023-04-01,GEO / AEO (AI Search) Services,0,0,0,0,0.0,0.0,0,0.0
2023-05-01,GEO / AEO (AI Search) Services,0,0,0,0,0.0,0.0,0,0.0
2023-06-01,GEO / AEO (AI Search) Services,0,0,0,0,0.0,0.0,0,0.0
2023-07-01,GEO / AEO (AI Search) Services,0,0,0,0,0.0,0.0,0,0.0
2023-08-01,GEO / AEO (AI Search) Services,0,0,0,0,0.0,0.0,0,0.0
2023-09-01,GEO / AEO (AI Search) Services,0,0,0,0,0.0,0.0,0,0.0
2023-10-01,GEO / AEO (AI Search) Services,0,0,0,0,0.0,0.0,0,0.0
2023-11-01,GEO / AEO (AI Search) Services,0,0,0,0,0.0,0.0,0,0.0
2023-12-01,GEO / AEO (AI Search) Services,0,0,0,0,0.0,0.0,0,0.0
2024-01-01,GEO / AEO (AI Search) Services,0,0,0,0,0.0,0.0,0,0.0
2024-02-01,GEO / AEO (AI Search) Services,0,0,0,0,0.0,0.0,0,0.0
2024-03-01,GEO / AEO (AI Search) Services,3,0,0,0,5442.16,621.66,2,2351.74
2024-04-01,GEO / AEO (AI Search) Services,3,0,0,0,5134.86,547.58,1,3165.41
2024-05-01,GEO / AEO (AI Search) Services,3,0,0,0,5700.22,671.67,1,2848.1
2024-06-01,GEO / AEO (AI Search) Services,4,1,0,8,6542.94,769.06,1,1712.96
2024-07-01,GEO / AEO (AI Search) Services,4,0,0,0,6707.33,817.06,2,4000.2
2024-08-01,GEO / AEO (AI Search) Services,4,0,0,0,6678.0,873.47,1,2925.38
2024-09-01,GEO / AEO (AI Search) Services,4,0,0,0,7156.03,622.91,3,2985.28
2024-10-01,GEO / AEO (AI Search) Services,4,0,0,0,7033.28,792.36,1,3719.65
2024-11-01,GEO / AEO (AI Search) Services,4,0,0,0,7988.57,875.53,1,3510.3
2024-12-01,GEO / AEO (AI Search) Services,5,1,0,10,6555.89,422.68,2,2401.14
2025-01-01,GEO / AEO (AI Search) Services,5,0,0,0,8171.2,883.29,3,3957.37
2025-02-01,GEO / AEO (AI Search) Services,6,1,0,9,8137.83,950.0,2,2206.36
2025-03-01,GEO / AEO (AI Search) Services,6,0,0,0,7674.53,593.96,1,2316.8
2025-04-01,GEO / AEO (AI Search) Services,6,0,0,0,9494.14,1062.26,2,3349.57
2025-05-01,GEO / AEO (AI Search) Services,6,0,0,0,10635.16,660.28,3,3032.66
2025-06-01,GEO / AEO (AI Search) Services,7,1,0,6,10651.09,1437.74,1,1720.12
2025-07-01,GEO / AEO (AI Search) Services,7,0,0,0,10224.23,665.6,3,3630.15
2025-08-01,GEO / AEO (AI Search) Services,7,0,0,0,9001.33,799.36,2,4741.99
2025-09-01,GEO / AEO (AI Search) Services,7,1,1,6,10126.85,1407.5,3,3171.78
2025-10-01,GEO / AEO (AI Search) Services,7,1,1,6,13525.26,1189.49,2,3833.12
2025-11-01,GEO / AEO (AI Search) Services,8,1,0,8,13373.22,1159.56,4,4129.11
2025-12-01,GEO / AEO (AI Search) Services,9,1,0,7,13781.6,1459.64,3,2581.39
2026-01-01,GEO / AEO (AI Search) Services,10,1,0,9,14946.23,1743.59,3,4669.41
2026-02-01,GEO / AEO (AI Search) Services,10,1,1,7,15793.07,1851.34,3,2839.2
2026-03-01,GEO / AEO (AI Search) Services,10,1,1,8,15947.25,1324.53,3,1917.17
2026-04-01,GEO / AEO (AI Search) Services,10,1,1,8,14313.92,968.65,3,2748.77
2026-05-01,GEO / AEO (AI Search) Services,10,1,1,9,15081.11,1204.99,2,3591.73
2026-06-01,GEO / AEO (AI Search) Services,9,0,1,0,15750.39,2165.76,2,4372.49
2026-07-01,GEO / AEO (AI Search) Services,9,1,1,12,16968.82,1025.16,5,2608.99
2026-08-01,GEO / AEO (AI Search) Services,9,1,1,6,17877.46,2123.76,5,4674.34
2018-01-01,Influencer Marketing,0,0,0,0,0.0,0.0,0,0.0
2018-02-01,Influencer Marketing,0,0,0,0,0.0,0.0,0,0.0
2018-03-01,Influencer Marketing,0,0,0,0,0.0,0.0,0,0.0
2018-04-01,Influencer Marketing,0,0,0,0,0.0,0.0,0,0.0
2018-05-01,Influencer Marketing,0,0,0,0,0.0,0.0,0,0.0
2018-06-01,Influencer Marketing,0,0,0,0,0.0,0.0,0,0.0
2018-07-01,Influencer Marketing,0,0,0,0,0.0,0.0,0,0.0
2018-08-01,Influencer Marketing,0,0,0,0,0.0,0.0,0,0.0
2018-09-01,Influencer Marketing,0,0,0,0,0.0,0.0,0,0.0
2018-10-01,Influencer Marketing,0,0,0,0,0.0,0.0,0,0.0
2018-11-01,Influencer Marketing,0,0,0,0,0.0,0.0,0,0.0
2018-12-01,Influencer Marketing,0,0,0,0,0.0,0.0,0,0.0
2019-01-01,Influencer Marketing,0,0,0,0,0.0,0.0,0,0.0
2019-02-01,Influencer Marketing,0,0,0,0,0.0,0.0,0,0.0
2019-03-01,Influencer Marketing,0,0,0,0,0.0,0.0,0,0.0
2019-04-01,Influencer Marketing,0,0,0,0,0.0,0.0,0,0.0
2019-05-01,Influencer Marketing,0,0,0,0,0.0,0.0,0,0.0
2019-06-01,Influencer Marketing,4,1,0,6,9136.31,899.42,3,2659.89
2019-07-01,Influencer Marketing,5,1,0,7,8481.4,813.26,2,3567.81
2019-08-01,Influencer Marketing,5,0,0,0,9540.95,1109.54,4,4346.29
2019-09-01,Influencer Marketing,5,0,0,0,8294.02,617.75,3,3804.17
2019-10-01,Influencer Marketing,6,1,0,7,11298.9,1196.77,4,1776.9
2019-11-01,Influencer Marketing,7,1,0,7,10008.14,1339.67,3,2104.87
2019-12-01,Influencer Marketing,7,1,1,6,11450.7,857.85,4,1787.84
2020-01-01,Influencer Marketing,7,1,1,9,9693.4,1092.45,2,3251.93
2020-02-01,Influencer Marketing,7,1,1,6,9100.07,923.53,3,1515.1
2020-03-01,Influencer Marketing,7,0,0,0,7020.76,907.18,2,2851.04
2020-04-01,Influencer Marketing,7,0,0,0,6937.5,500.92,2,3834.1
2020-05-01,Influencer Marketing,7,0,0,0,6975.98,703.36,1,4198.44
2020-06-01,Influencer Marketing,6,0,1,0,6897.98,705.79,3,4024.7
2020-07-01,Influencer Marketing,6,0,0,0,9285.42,865.91,3,2042.19
2020-08-01,Influencer Marketing,7,1,0,6,10083.95,662.38,2,2764.15
2020-09-01,Influencer Marketing,8,1,0,7,9739.73,778.31,5,2124.76
2020-10-01,Influencer Marketing,8,1,1,6,10966.38,916.84,2,2716.51
2020-11-01,Influencer Marketing,7,0,1,0,12089.03,848.54,2,4453.32
2020-12-01,Influencer Marketing,7,0,0,0,10998.39,1093.89,6,3862.55
2021-01-01,Influencer Marketing,7,0,0,0,13226.5,1729.61,4,3958.42
2021-02-01,Influencer Marketing,7,0,0,0,11592.49,1392.1,3,3860.56
2021-03-01,Influencer Marketing,8,1,0,8,11481.87,793.15,2,1868.2
2021-04-01,Influencer Marketing,9,2,1,20,11612.63,709.85,3,1434.86
2021-05-01,Influencer Marketing,10,1,0,7,12119.2,975.14,1,4080.08
2021-06-01,Influencer Marketing,10,0,0,0,12695.44,1643.45,3,3750.89
2021-07-01,Influencer Marketing,9,0,1,0,11397.42,923.96,1,3932.81
2021-08-01,Influencer Marketing,10,1,0,10,14033.89,1437.92,2,3840.66
2021-09-01,Influencer Marketing,10,1,1,6,13296.43,1742.03,5,2735.05
2021-10-01,Influencer Marketing,10,1,1,6,13794.46,1662.99,2,2889.01
2021-11-01,Influencer Marketing,10,0,0,0,14247.59,1831.37,5,4046.18
2021-12-01,Influencer Marketing,11,1,0,6,15292.14,1108.71,2,2372.7
2022-01-01,Influencer Marketing,12,1,0,11,16001.79,1715.25,3,3195.67
2022-02-01,Influencer Marketing,12,1,1,8,11510.54,1347.99,2,3144.65
2022-03-01,Influencer Marketing,12,1,1,6,12917.34,1423.44,4,1614.56
2022-04-01,Influencer Marketing,11,0,1,0,13183.74,1621.98,2,3905.14
2022-05-01,Influencer Marketing,12,1,0,10,14992.5,1560.38,9,3017.74
2022-06-01,Influencer Marketing,11,0,1,0,11470.42,1123.23,2,4237.2
2022-07-01,Influencer Marketing,12,2,1,22,12348.1,863.98,2,1282.33
2022-08-01,Influencer Marketing,12,1,1,8,12271.17,1553.35,4,4333.8
2022-09-01,Influencer Marketing,13,2,1,11,13146.98,1118.95,4,1371.44
2022-10-01,Influencer Marketing,13,1,1,6,17086.97,1186.7,5,2988.1
2022-11-01,Influencer Marketing,13,1,1,8,15110.57,1106.86,3,2625.49
2022-12-01,Influencer Marketing,14,2,1,15,17857.91,1528.79,6,1844.3
2023-01-01,Influencer Marketing,13,0,1,0,13432.82,1431.4,6,4220.41
2023-02-01,Influencer Marketing,13,1,1,10,15688.89,1890.84,7,3356.2
2023-03-01,Influencer Marketing,12,0,1,0,14713.77,1583.84,2,3663.78
2023-04-01,Influencer Marketing,12,1,1,6,15607.09,1124.53,6,1739.32
2023-05-01,Influencer Marketing,12,1,1,9,16199.42,1205.64,3,1246.11
2023-06-01,Influencer Marketing,12,1,1,10,14112.46,880.43,5,2451.58
2023-07-01,Influencer Marketing,12,1,1,6,15629.47,1233.22,4,2427.61
2023-08-01,Influencer Marketing,13,2,1,22,16526.16,1597.17,5,2238.47
2023-09-01,Influencer Marketing,15,3,1,21,15895.88,1793.63,3,1266.85
2023-10-01,Influencer Marketing,15,1,1,8,19201.63,1789.21,7,3127.41
2023-11-01,Influencer Marketing,15,1,1,6,19783.63,1559.7,3,1699.32
2023-12-01,Influencer Marketing,16,2,1,15,19346.81,1528.92,4,1333.65
2024-01-01,Influencer Marketing,16,1,1,6,17461.0,1439.07,3,3298.53
2024-02-01,Influencer Marketing,16,1,1,6,19150.92,1313.31,6,2960.95
2024-03-01,Influencer Marketing,16,1,1,12,17055.57,1644.19,4,2829.9
2024-04-01,Influencer Marketing,16,1,1,6,18598.07,1594.08,4,2511.66
2024-05-01,Influencer Marketing,16,1,1,8,18808.11,1577.69,3,1602.65
2024-06-01,Influencer Marketing,16,1,1,7,19304.05,2019.8,4,2565.54
2024-07-01,Influencer Marketing,16,1,1,7,16713.27,1646.57,3,3017.5
2024-08-01,Influencer Marketing,16,1,1,12,20281.77,1264.99,3,4056.77
2024-09-01,Influencer Marketing,17,2,1,13,18455.53,1526.28,10,2107.09
2024-10-01,Influencer Marketing,17,1,1,6,22856.59,2695.45,14,3429.97
2024-11-01,Influencer Marketing,18,2,1,21,27087.41,3056.72,4,2000.66
2024-12-01,Influencer Marketing,17,1,2,10,22359.32,1993.01,3,3100.39
2025-01-01,Influencer Marketing,18,2,1,14,21302.76,2625.53,5,1460.93
2025-02-01,Influencer Marketing,17,1,2,7,21558.58,2817.36,8,3737.9
2025-03-01,Influencer Marketing,16,1,2,8,19673.7,1466.58,6,1868.98
2025-04-01,Influencer Marketing,16,1,1,7,19421.43,1665.32,3,4245.95
2025-05-01,Influencer Marketing,16,1,1,7,22953.99,2234.83,6,4411.74
2025-06-01,Influencer Marketing,16,1,1,10,20216.37,2731.01,5,3012.75
2025-07-01,Influencer Marketing,16,1,1,10,18181.74,1476.39,6,3255.41
2025-08-01,Influencer Marketing,17,2,1,18,20651.65,2378.66,7,2095.2
2025-09-01,Influencer Marketing,19,3,1,28,20399.61,2847.47,3,1203.06
2025-10-01,Influencer Marketing,19,2,2,22,26791.19,1874.2,9,2730.23
2025-11-01,Influencer Marketing,21,3,1,20,26856.66,3580.39,5,1554.31
2025-12-01,Influencer Marketing,22,2,1,12,27595.98,2260.0,10,2548.11
2026-01-01,Influencer Marketing,23,2,1,22,26477.45,1869.07,15,2128.11
2026-02-01,Influencer Marketing,24,3,2,17,22656.81,1989.94,7,1353.65
2026-03-01,Influencer Marketing,24,1,1,7,26253.29,3369.93,8,3604.36
2026-04-01,Influencer Marketing,23,1,2,6,25013.34,2390.01,7,2779.03
2026-05-01,Influencer Marketing,23,1,1,10,24734.72,2169.55,4,2179.9
2026-06-01,Influencer Marketing,23,1,1,9,25007.57,2681.55,5,4173.9
2026-07-01,Influencer Marketing,22,1,2,11,24785.56,2154.57,4,2992.12
2026-08-01,Influencer Marketing,22,2,2,17,29573.36,2334.35,6,2553.1
2018-01-01,Online Reputation Management,4,1,0,8,13389.25,816.71,3,3396.06
2018-02-01,Online Reputation Management,5,1,0,7,11651.74,838.34,2,1735.18
2018-03-01,Online Reputation Management,6,1,0,8,13379.64,1587.89,2,3647.46
2018-04-01,Online Reputation Management,7,1,0,7,12134.43,829.62,3,3354.29
2018-05-01,Online Reputation Management,7,1,1,12,11543.77,1596.94,4,1749.66
2018-06-01,Online Reputation Management,8,1,0,7,11944.5,1107.63,3,2486.57
2018-07-01,Online Reputation Management,9,1,0,11,11686.49,853.46,2,1991.86
2018-08-01,Online Reputation Management,9,1,1,6,13142.88,1080.99,4,2108.99
2018-09-01,Online Reputation Management,10,1,0,8,12278.9,1679.1,3,2671.04
2018-10-01,Online Reputation Management,10,1,1,6,11636.01,1537.48,3,2131.09
2018-11-01,Online Reputation Management,10,1,1,7,12459.47,844.23,3,1679.56
2018-12-01,Online Reputation Management,11,1,0,6,13128.43,1401.31,2,1913.28
2019-01-01,Online Reputation Management,11,1,1,10,11995.23,1623.23,6,2512.14
2019-02-01,Online Reputation Management,11,1,1,8,11890.72,1141.38,4,2161.35
2019-03-01,Online Reputation Management,11,1,1,10,14208.66,1130.78,7,3686.44
2019-04-01,Online Reputation Management,11,1,1,8,13340.44,1373.07,3,3443.4
2019-05-01,Online Reputation Management,11,1,1,10,13322.61,1390.26,4,3880.62
2019-06-01,Online Reputation Management,12,2,1,14,13858.32,1347.04,4,1797.38
2019-07-01,Online Reputation Management,12,1,1,8,13395.82,967.58,2,3971.51
2019-08-01,Online Reputation Management,12,1,1,6,12904.85,1593.63,6,2356.01
2019-09-01,Online Reputation Management,11,0,1,0,12712.23,825.85,3,3097.53
2019-10-01,Online Reputation Management,11,1,1,9,14298.69,1688.59,4,3080.71
2019-11-01,Online Reputation Management,11,1,1,10,13227.53,1511.21,2,2681.96
2019-12-01,Online Reputation Management,11,1,1,8,13328.04,1503.4,5,3731.22
2020-01-01,Online Reputation Management,11,1,1,7,14731.67,1483.7,3,3346.28
2020-02-01,Online Reputation Management,11,1,1,11,12663.92,852.76,3,2355.91
2020-03-01,Online Reputation Management,11,1,1,6,10782.94,1389.39,4,1549.42
2020-04-01,Online Reputation Management,11,1,1,7,10346.43,1374.28,4,2187.88
2020-05-01,Online Reputation Management,10,0,1,0,8846.02,757.57,1,3882.31
2020-06-01,Online Reputation Management,10,1,1,7,9777.95,933.95,2,1558.07
2020-07-01,Online Reputation Management,10,1,1,9,11898.17,946.34,3,2861.37
2020-08-01,Online Reputation Management,10,1,1,6,12347.06,1215.55,3,3945.51
2020-09-01,Online Reputation Management,10,1,1,8,13460.12,1043.27,3,2223.3
2020-10-01,Online Reputation Management,10,1,1,6,13572.68,964.56,2,1518.77
2020-11-01,Online Reputation Management,10,0,0,0,14079.02,1542.69,3,3996.52
2020-12-01,Online Reputation Management,11,2,1,12,14650.04,1656.57,7,1844.99
2021-01-01,Online Reputation Management,11,1,1,7,17290.37,1940.24,4,2558.74
2021-02-01,Online Reputation Management,12,2,1,18,15991.1,1549.48,3,1738.0
2021-03-01,Online Reputation Management,12,1,1,6,16762.48,1564.5,6,2383.34
2021-04-01,Online Reputation Management,12,1,1,6,15972.87,1081.17,6,2728.14
2021-05-01,Online Reputation Management,12,1,1,6,15257.35,957.96,4,1632.02
2021-06-01,Online Reputation Management,13,2,1,15,15896.38,1995.57,6,1867.16
2021-07-01,Online Reputation Management,14,2,1,13,17567.57,1707.12,4,2143.63
2021-08-01,Online Reputation Management,14,1,1,10,16088.37,1190.99,3,3378.73
2021-09-01,Online Reputation Management,15,2,1,17,17971.34,2336.39,4,1843.03
2021-10-01,Online Reputation Management,15,1,1,7,16184.12,1704.41,5,2051.99
2021-11-01,Online Reputation Management,15,1,1,8,20369.51,1646.16,6,1566.44
2021-12-01,Online Reputation Management,15,1,1,8,16170.36,1377.39,4,2903.06
2022-01-01,Online Reputation Management,15,1,1,7,17820.68,1314.4,3,1502.67
2022-02-01,Online Reputation Management,14,0,1,0,17752.49,1342.78,3,3838.85
2022-03-01,Online Reputation Management,14,1,1,11,15458.26,1991.37,4,2017.46
2022-04-01,Online Reputation Management,14,1,1,10,15773.14,2067.37,2,2393.42
2022-05-01,Online Reputation Management,14,1,1,6,15289.4,1839.95,3,1788.32
2022-06-01,Online Reputation Management,15,2,1,11,16558.91,1757.71,3,1610.44
2022-07-01,Online Reputation Management,15,1,1,8,14563.13,1336.92,3,2746.6
2022-08-01,Online Reputation Management,15,1,1,7,17059.84,1513.1,5,1983.02
2022-09-01,Online Reputation Management,15,1,1,9,16594.62,1594.47,4,3816.92
2022-10-01,Online Reputation Management,15,1,1,8,17998.46,1216.18,7,2886.0
2022-11-01,Online Reputation Management,15,1,1,9,17866.7,2253.76,3,2036.35
2022-12-01,Online Reputation Management,16,2,1,12,18608.72,1978.45,6,1631.44
2023-01-01,Online Reputation Management,16,1,1,6,21016.79,2095.66,4,2906.67
2023-02-01,Online Reputation Management,17,2,1,15,18665.92,1523.65,8,2326.79
2023-03-01,Online Reputation Management,17,1,1,6,15716.61,1178.88,4,2841.22
2023-04-01,Online Reputation Management,17,1,1,6,15882.12,1724.43,4,3527.41
2023-05-01,Online Reputation Management,18,2,1,18,18266.8,1539.96,3,1796.0
2023-06-01,Online Reputation Management,18,1,1,7,18765.93,1691.54,3,2659.19
2023-07-01,Online Reputation Management,18,1,1,10,19656.34,1720.54,10,2805.63
2023-08-01,Online Reputation Management,18,1,1,7,19470.05,2525.51,4,3522.42
2023-09-01,Online Reputation Management,18,2,2,11,19815.69,1252.98,4,1589.75
2023-10-01,Online Reputation Management,20,3,1,33,20376.71,1320.12,3,1612.79
2023-11-01,Online Reputation Management,20,1,1,8,20129.86,1309.43,3,3789.36
2023-12-01,Online Reputation Management,21,2,1,12,20262.84,2363.2,5,2215.12
2024-01-01,Online Reputation Management,20,1,2,7,21890.99,2265.27,5,3858.46
2024-02-01,Online Reputation Management,20,1,1,9,22464.66,2051.49,7,2707.35
2024-03-01,Online Reputation Management,21,2,1,24,21321.77,1548.0,9,2615.18
2024-04-01,Online Reputation Management,21,2,2,19,21859.29,1397.45,6,2789.39
2024-05-01,Online Reputation Management,21,1,1,7,20260.39,1542.82,4,2921.42
2024-06-01,Online Reputation Management,21,1,1,10,18362.41,1744.93,3,3872.11
2024-07-01,Online Reputation Management,21,1,1,7,20452.55,2328.08,5,2851.19
2024-08-01,Online Reputation Management,22,2,1,22,22546.19,2250.38,6,1922.18
2024-09-01,Online Reputation Management,22,1,1,8,21038.41,1374.78,4,3987.04
2024-10-01,Online Reputation Management,24,3,1,18,22934.62,2248.62,12,1627.08
2024-11-01,Online Reputation Management,23,1,2,6,23156.39,2558.44,7,3454.39
2024-12-01,Online Reputation Management,23,1,1,6,25072.8,2518.84,5,3901.47
2025-01-01,Online Reputation Management,23,1,1,7,20807.05,2492.3,3,3363.01
2025-02-01,Online Reputation Management,23,1,1,9,25763.91,2636.97,6,3890.12
2025-03-01,Online Reputation Management,24,2,1,21,23854.48,1953.07,6,1937.95
2025-04-01,Online Reputation Management,23,1,2,6,21787.09,2610.95,4,3262.57
2025-05-01,Online Reputation Management,24,2,1,16,22028.44,2012.62,8,2101.88
2025-06-01,Online Reputation Management,24,1,1,9,25536.56,2286.59,10,2182.01
2025-07-01,Online Reputation Management,23,1,2,6,21430.51,2337.67,5,2744.83
2025-08-01,Online Reputation Management,23,1,1,8,22722.82,2261.95,7,2652.33
2025-09-01,Online Reputation Management,23,1,1,6,25201.51,3221.43,5,3591.53
2025-10-01,Online Reputation Management,24,2,1,14,24710.39,3338.48,8,2285.87
2025-11-01,Online Reputation Management,25,2,1,11,26323.1,2427.79,6,1924.5
2025-12-01,Online Reputation Management,26,2,1,12,24219.97,1724.57,6,1938.66
2026-01-01,Online Reputation Management,27,2,1,16,23464.42,2219.76,9,2190.52
2026-02-01,Online Reputation Management,28,2,1,25,24997.34,2642.05,3,2445.8
2026-03-01,Online Reputation Management,29,2,1,17,26631.17,3189.51,6,2797.29
2026-04-01,Online Reputation Management,28,1,2,7,23048.63,2655.94,4,2525.12
2026-05-01,Online Reputation Management,27,1,2,6,25488.24,1728.69,6,3808.37
2026-06-01,Online Reputation Management,26,1,2,6,23817.04,2958.5,7,2659.57
2026-07-01,Online Reputation Management,27,3,2,29,24446.56,3122.65,5,1837.6
2026-08-01,Online Reputation Management,28,2,1,12,26483.61,3392.01,4,3098.13
2018-01-01,PPC / Paid Media,5,2,0,14,24204.48,2597.36,7,1886.95
2018-02-01,PPC / Paid Media,6,1,0,12,16833.91,1202.62,6,3893.28
2018-03-01,PPC / Paid Media,7,1,0,9,19403.7,2430.48,6,3020.61
2018-04-01,PPC / Paid Media,8,2,1,17,18967.93,1215.38,3,1443.28
2018-05-01,PPC / Paid Media,8,1,1,8,21260.66,1333.26,5,3209.01
2018-06-01,PPC / Paid Media,8,1,1,6,20104.48,2062.58,4,2108.79
2018-07-01,PPC / Paid Media,9,1,0,6,18310.0,1312.22,7,1477.79
2018-08-01,PPC / Paid Media,10,2,1,14,19657.35,2613.96,11,1652.83
2018-09-01,PPC / Paid Media,10,1,1,7,21753.03,2506.81,18,4316.35
2018-10-01,PPC / Paid Media,11,1,0,8,22675.52,2280.59,5,4125.86
2018-11-01,PPC / Paid Media,11,1,1,9,24296.34,2513.81,6,4879.73
2018-12-01,PPC / Paid Media,13,2,0,19,20684.74,2008.44,14,2140.88
2019-01-01,PPC / Paid Media,13,1,1,8,24787.58,1569.06,13,3986.93
2019-02-01,PPC / Paid Media,16,4,1,25,22695.06,2351.58,5,1063.21
2019-03-01,PPC / Paid Media,18,3,1,18,24299.49,1607.15,7,1489.16
2019-04-01,PPC / Paid Media,18,1,1,8,21159.68,2569.06,4,2337.44
2019-05-01,PPC / Paid Media,18,1,1,6,23444.65,3189.72,7,4653.27
2019-06-01,PPC / Paid Media,18,1,1,7,21440.17,1685.29,4,4013.84
2019-07-01,PPC / Paid Media,18,1,1,9,20278.79,2018.57,10,4277.04
2019-08-01,PPC / Paid Media,17,1,2,10,24531.07,3300.56,5,4608.6
2019-09-01,PPC / Paid Media,17,1,1,11,23025.63,2296.24,4,2370.41
2019-10-01,PPC / Paid Media,18,2,1,12,26522.58,2012.29,6,2714.37
2019-11-01,PPC / Paid Media,17,1,2,7,26596.01,3295.25,6,4451.71
2019-12-01,PPC / Paid Media,18,2,1,16,30071.5,4034.27,8,2680.65
2020-01-01,PPC / Paid Media,20,3,1,25,24038.99,1915.39,7,1903.1
2020-02-01,PPC / Paid Media,22,3,1,21,20391.15,1953.11,5,1280.46
2020-03-01,PPC / Paid Media,21,1,2,6,15843.05,1383.26,3,3003.93
2020-04-01,PPC / Paid Media,20,1,2,10,16975.02,1930.27,6,3330.73
2020-05-01,PPC / Paid Media,19,1,2,6,15660.52,1147.43,2,2525.23
2020-06-01,PPC / Paid Media,19,1,1,8,15413.77,1926.47,3,4482.93
2020-07-01,PPC / Paid Media,19,1,1,6,19455.4,1552.16,5,1919.79
2020-08-01,PPC / Paid Media,19,2,2,25,23312.17,2436.56,6,1905.59
2020-09-01,PPC / Paid Media,19,1,1,6,19989.27,1417.9,7,2641.37
2020-10-01,PPC / Paid Media,20,2,1,19,24839.03,2404.49,10,2195.04
2020-11-01,PPC / Paid Media,19,1,2,10,27756.64,3363.69,9,3301.18
2020-12-01,PPC / Paid Media,20,2,1,20,22541.02,2658.06,3,1746.65
2021-01-01,PPC / Paid Media,20,1,1,7,27852.82,2841.2,7,4190.07
2021-02-01,PPC / Paid Media,19,1,2,8,27361.84,3120.0,6,2263.06
2021-03-01,PPC / Paid Media,19,1,1,6,26509.31,2342.84,5,4198.05
2021-04-01,PPC / Paid Media,20,2,1,14,26318.16,2318.97,11,1540.89
2021-05-01,PPC / Paid Media,21,2,1,12,25181.24,1662.24,6,3156.67
2021-06-01,PPC / Paid Media,21,1,1,7,27380.32,3330.31,4,3318.66
2021-07-01,PPC / Paid Media,21,1,1,9,23099.62,2736.9,8,3383.43
2021-08-01,PPC / Paid Media,21,1,1,12,26398.46,2763.76,9,4492.96
2021-09-01,PPC / Paid Media,20,1,2,12,24611.34,3358.68,4,4693.25
2021-10-01,PPC / Paid Media,21,3,2,29,33003.75,3171.57,10,1879.97
2021-11-01,PPC / Paid Media,22,2,1,17,32509.81,2069.35,5,3572.67
2021-12-01,PPC / Paid Media,22,2,2,19,29203.99,1902.25,5,1981.43
2022-01-01,PPC / Paid Media,23,2,1,13,28420.05,3841.36,5,2725.27
2022-02-01,PPC / Paid Media,24,2,1,22,27572.6,2569.44,12,2657.71
2022-03-01,PPC / Paid Media,23,1,2,8,24659.14,1519.52,7,4722.84
2022-04-01,PPC / Paid Media,23,2,2,25,25449.27,1856.51,13,2098.28
2022-05-01,PPC / Paid Media,23,1,1,6,28197.09,1936.14,10,3193.59
2022-06-01,PPC / Paid Media,22,1,2,11,26726.39,3687.17,11,3470.64
2022-07-01,PPC / Paid Media,23,2,1,11,24632.63,2225.07,6,2535.81
2022-08-01,PPC / Paid Media,22,1,2,11,26941.82,2766.14,5,4691.46
2022-09-01,PPC / Paid Media,24,3,1,20,25757.08,3604.73,14,1976.48
2022-10-01,PPC / Paid Media,26,4,2,29,29403.34,2623.21,6,1239.96
2022-11-01,PPC / Paid Media,26,2,2,16,31375.8,2689.75,14,3252.54
2022-12-01,PPC / Paid Media,25,1,2,10,30719.34,2540.12,7,4946.5
2023-01-01,PPC / Paid Media,25,1,1,6,32830.82,2358.43,5,4830.77
2023-02-01,PPC / Paid Media,26,2,1,12,27132.38,3358.47,3,1628.1
2023-03-01,PPC / Paid Media,28,3,1,28,30930.25,3275.75,12,2028.6
2023-04-01,PPC / Paid Media,30,4,2,25,28282.03,3176.42,6,1512.73
2023-05-01,PPC / Paid Media,30,1,1,7,29282.77,1912.41,8,3454.42
2023-06-01,PPC / Paid Media,31,3,2,18,25869.64,2192.8,6,1641.35
2023-07-01,PPC / Paid Media,29,1,3,11,24815.06,3135.08,4,3620.46
2023-08-01,PPC / Paid Media,31,4,2,44,26114.88,1732.99,4,1337.92
2023-09-01,PPC / Paid Media,30,1,2,7,29697.91,4034.51,14,4048.29
2023-10-01,PPC / Paid Media,29,1,2,9,33958.08,2421.32,14,3969.33
2023-11-01,PPC / Paid Media,30,2,1,19,31777.8,2491.64,5,2511.95
2023-12-01,PPC / Paid Media,33,5,2,42,40068.79,5366.91,7,1019.94
2024-01-01,PPC / Paid Media,33,2,2,12,32848.63,2227.25,7,3570.1
2024-02-01,PPC / Paid Media,33,2,2,20,29107.33,2374.92,6,2982.14
2024-03-01,PPC / Paid Media,32,1,2,8,35937.69,2679.35,6,4531.24
2024-04-01,PPC / Paid Media,31,1,2,6,31693.05,4200.74,10,4856.05
2024-05-01,PPC / Paid Media,32,2,1,14,35065.8,4294.63,5,2069.2
2024-06-01,PPC / Paid Media,31,2,3,12,29167.6,3887.59,6,2814.46
2024-07-01,PPC / Paid Media,32,3,2,28,33761.95,2484.72,4,1189.89
2024-08-01,PPC / Paid Media,31,1,2,9,31267.53,3493.03,16,4043.36
2024-09-01,PPC / Paid Media,32,3,2,24,33744.72,3732.02,16,2020.75
2024-10-01,PPC / Paid Media,32,2,2,18,39202.63,3776.56,13,2091.34
2024-11-01,PPC / Paid Media,33,4,3,33,36427.99,4811.72,14,1515.51
2024-12-01,PPC / Paid Media,34,2,1,13,42344.33,3816.2,11,4044.09
2025-01-01,PPC / Paid Media,39,7,2,46,42717.66,4995.29,6,1254.65
2025-02-01,PPC / Paid Media,38,1,2,10,34397.56,2976.76,14,3394.11
2025-03-01,PPC / Paid Media,38,3,3,32,33481.96,3923.88,8,2248.41
2025-04-01,PPC / Paid Media,37,2,3,11,37113.68,4222.01,9,1754.24
2025-05-01,PPC / Paid Media,41,6,2,75,32543.33,3273.17,4,1160.73
2025-06-01,PPC / Paid Media,41,2,2,13,29648.12,3828.34,12,1695.11
2025-07-01,PPC / Paid Media,43,5,3,35,31263.06,2846.32,5,1107.42
2025-08-01,PPC / Paid Media,40,1,4,6,36269.15,4060.38,5,4727.18
2025-09-01,PPC / Paid Media,41,3,2,26,36005.81,4180.33,6,1250.28
2025-10-01,PPC / Paid Media,40,1,2,9,40952.9,3540.3,16,3991.61
2025-11-01,PPC / Paid Media,38,1,3,7,41417.11,3130.6,8,3782.21
2025-12-01,PPC / Paid Media,40,4,2,41,39716.23,2804.11,5,1448.49
2026-01-01,PPC / Paid Media,41,4,3,23,41941.99,3522.87,21,2288.32
2026-02-01,PPC / Paid Media,40,2,3,11,38739.71,4038.27,13,4207.63
2026-03-01,PPC / Paid Media,39,1,2,7,38168.11,2421.31,23,4216.0
2026-04-01,PPC / Paid Media,39,2,2,20,35507.91,4299.05,4,2908.33
2026-05-01,PPC / Paid Media,38,2,3,13,40413.2,5075.29,10,3379.05
2026-06-01,PPC / Paid Media,41,5,2,46,37718.65,2547.46,16,1421.03
2026-07-01,PPC / Paid Media,39,1,3,9,35069.86,4125.5,7,2684.22
2026-08-01,PPC / Paid Media,38,2,3,16,40991.95,2546.35,5,4865.19
2018-01-01,SEO Services,6,2,0,22,19486.98,2690.17,6,2077.76
2018-02-01,SEO Services,6,1,1,7,18113.34,2279.04,5,2100.77
2018-03-01,SEO Services,9,3,0,19,18742.05,1656.09,5,1327.63
2018-04-01,SEO Services,11,2,0,21,17855.46,2047.02,6,1589.28
2018-05-01,SEO Services,11,1,1,11,17880.44,1753.29,8,1940.92
2018-06-01,SEO Services,11,1,1,6,18673.91,2322.68,6,2865.36
2018-07-01,SEO Services,13,2,0,13,18974.65,2147.7,6,1479.5
2018-08-01,SEO Services,13,1,1,7,18342.03,1791.79,6,2337.48
2018-09-01,SEO Services,13,1,1,12,19326.94,1834.85,8,2307.16
2018-10-01,SEO Services,13,1,1,9,19287.26,2178.56,7,1667.88
2018-11-01,SEO Services,14,2,1,24,22272.49,1496.8,6,2012.77
2018-12-01,SEO Services,14,1,1,8,20792.59,1881.35,9,2202.09
2019-01-01,SEO Services,15,2,1,12,18408.16,2134.92,9,1375.3
2019-02-01,SEO Services,15,1,1,11,19346.05,2557.71,5,2633.78
2019-03-01,SEO Services,15,1,1,6,20598.77,2421.53,7,2358.44
2019-04-01,SEO Services,15,1,1,12,22400.54,2229.28,7,2499.69
2019-05-01,SEO Services,15,1,1,7,22373.43,1963.26,5,2375.29
2019-06-01,SEO Services,16,2,1,16,17425.97,1729.64,4,2164.61
2019-07-01,SEO Services,16,1,1,8,16652.14,1027.92,5,1733.95
2019-08-01,SEO Services,16,1,1,9,20529.34,2314.76,6,2308.07
2019-09-01,SEO Services,16,1,1,7,22356.5,2004.79,6,3032.02
2019-10-01,SEO Services,16,1,1,9,21718.84,2929.51,7,3105.8
2019-11-01,SEO Services,16,1,1,6,21356.39,2807.85,6,3184.75
2019-12-01,SEO Services,16,1,1,6,23899.84,1935.81,5,2523.32
2020-01-01,SEO Services,16,1,1,7,22946.84,2982.28,9,2862.23
2020-02-01,SEO Services,16,1,1,12,20433.86,1601.45,11,3143.65
2020-03-01,SEO Services,16,1,1,10,13499.96,1678.45,4,2212.66
2020-04-01,SEO Services,17,2,1,18,15916.38,1577.1,6,1447.51
2020-05-01,SEO Services,17,1,1,7,15830.59,1083.95,7,3049.62
2020-06-01,SEO Services,18,2,1,16,18019.42,2212.44,8,2392.09
2020-07-01,SEO Services,18,1,1,7,18311.38,2369.84,5,2793.63
2020-08-01,SEO Services,19,2,1,19,19211.0,1516.38,6,2503.86
2020-09-01,SEO Services,21,3,1,18,24818.12,2105.24,14,1333.12
2020-10-01,SEO Services,22,2,1,24,23556.2,1517.76,8,1769.44
2020-11-01,SEO Services,22,1,1,8,23796.23,3093.52,4,2561.43
2020-12-01,SEO Services,23,2,1,24,23054.67,2072.36,6,1698.78
2021-01-01,SEO Services,27,5,1,30,28489.93,3766.72,7,1303.92
2021-02-01,SEO Services,28,2,1,15,25460.99,2575.07,6,2484.97
2021-03-01,SEO Services,28,1,1,8,24774.17,2312.7,10,2479.13
2021-04-01,SEO Services,28,2,2,18,26920.83,3658.77,6,1854.99
2021-05-01,SEO Services,28,2,2,12,27689.77,2841.46,7,2270.87
2021-06-01,SEO Services,29,3,2,32,26186.1,2858.22,15,1604.81
2021-07-01,SEO Services,27,1,3,6,25941.03,2788.52,8,3071.88
2021-08-01,SEO Services,28,2,1,14,24320.44,1792.5,8,1706.77
2021-09-01,SEO Services,28,2,2,15,22149.13,2391.39,4,2245.26
2021-10-01,SEO Services,29,3,2,19,26005.12,2956.74,12,1375.42
2021-11-01,SEO Services,29,2,2,21,29952.35,2151.26,7,1741.07
2021-12-01,SEO Services,28,2,3,13,29437.06,2895.12,13,2659.37
2022-01-01,SEO Services,27,1,2,7,29112.68,2030.72,9,3102.39
2022-02-01,SEO Services,28,2,1,16,26308.78,2509.47,13,2108.64
2022-03-01,SEO Services,30,4,2,37,26823.0,3405.23,17,1421.18
2022-04-01,SEO Services,28,1,3,12,25288.77,2004.55,14,2500.25
2022-05-01,SEO Services,29,2,1,25,28259.21,1812.34,10,3021.28
2022-06-01,SEO Services,28,1,2,6,21784.22,2652.64,7,2898.82
2022-07-01,SEO Services,29,3,2,21,24376.49,3122.4,13,1449.85
2022-08-01,SEO Services,29,3,3,21,24369.39,1568.41,5,1741.52
2022-09-01,SEO Services,29,1,1,10,25946.85,3591.1,10,2619.16
2022-10-01,SEO Services,27,1,3,9,28645.69,3043.36,8,2344.83
2022-11-01,SEO Services,28,3,2,24,31539.18,2193.15,13,1496.88
2022-12-01,SEO Services,29,3,2,25,31706.02,2939.23,14,2055.81
2023-01-01,SEO Services,30,3,2,29,28339.48,2998.22,9,1272.12
2023-02-01,SEO Services,30,2,2,15,28648.61,2707.68,8,2504.87
2023-03-01,SEO Services,29,2,3,15,29918.87,3040.42,7,2673.41
2023-04-01,SEO Services,29,1,1,6,27919.48,1799.28,10,2188.28
2023-05-01,SEO Services,31,3,1,18,29274.93,3762.53,8,1827.79
2023-06-01,SEO Services,31,3,3,17,27205.08,3312.72,12,1439.35
2023-07-01,SEO Services,32,2,1,20,25717.49,2623.37,10,1975.68
2023-08-01,SEO Services,31,2,3,11,32555.07,2322.08,10,3178.27
2023-09-01,SEO Services,31,2,2,21,34014.49,2533.2,6,2710.66
2023-10-01,SEO Services,32,3,2,23,30472.7,2033.42,15,1784.12
2023-11-01,SEO Services,32,3,3,35,35090.4,3134.58,10,2498.3
2023-12-01,SEO Services,32,3,3,23,35700.34,4739.73,13,2165.15
2024-01-01,SEO Services,33,2,1,17,32030.09,4272.4,7,2197.63
2024-02-01,SEO Services,32,2,3,16,35463.05,3000.27,7,1583.21
2024-03-01,SEO Services,31,2,3,14,34240.14,3362.4,11,2606.07
2024-04-01,SEO Services,30,2,3,22,28171.4,3340.93,10,3126.42
2024-05-01,SEO Services,30,2,2,13,34718.04,4166.12,10,3139.63
2024-06-01,SEO Services,29,2,3,16,29770.49,4115.27,12,2754.69
2024-07-01,SEO Services,29,3,3,18,35901.56,2260.28,10,2310.92
2024-08-01,SEO Services,29,2,2,12,32437.8,3865.11,6,2550.61
2024-09-01,SEO Services,31,3,1,23,33730.97,3851.5,18,2443.8
2024-10-01,SEO Services,30,2,3,17,37950.66,4867.84,16,2543.23
2024-11-01,SEO Services,34,5,1,57,38529.53,3365.71,12,1749.65
2024-12-01,SEO Services,36,4,2,29,45401.01,6347.35,13,1792.72
2025-01-01,SEO Services,36,2,2,17,38999.88,2549.55,12,3030.6
2025-02-01,SEO Services,36,2,2,11,34431.51,4137.19,9,2469.08
2025-03-01,SEO Services,36,3,3,23,36741.16,4386.36,12,1670.19
2025-04-01,SEO Services,37,3,2,18,35383.9,2924.82,12,1682.74
2025-05-01,SEO Services,37,3,3,20,37101.79,4644.07,10,2076.77
2025-06-01,SEO Services,36,2,3,11,34740.86,3509.47,9,2324.34
2025-07-01,SEO Services,36,2,2,23,30520.76,2942.49,9,1406.01
2025-08-01,SEO Services,38,4,2,27,37782.2,2892.67,14,1423.2
2025-09-01,SEO Services,39,4,3,50,40503.31,4076.8,12,1203.32
2025-10-01,SEO Services,40,3,2,27,45022.97,3574.76,16,2761.16
2025-11-01,SEO Services,43,5,2,40,47731.62,5581.0,17,1861.47
2025-12-01,SEO Services,42,1,2,12,43073.8,2965.65,11,3037.65
2026-01-01,SEO Services,44,4,2,24,45919.73,5029.57,24,2380.39
2026-02-01,SEO Services,46,5,3,36,37793.55,5244.68,16,1708.53
2026-03-01,SEO Services,47,3,2,25,43067.4,3678.42,16,2798.43
2026-04-01,SEO Services,46,3,4,20,35845.52,4268.72,17,1238.07
2026-05-01,SEO Services,47,4,3,41,45189.64,4545.33,7,1452.05
2026-06-01,SEO Services,47,2,2,12,39314.47,5127.8,13,3186.17
2026-07-01,SEO Services,49,5,3,34,39429.55,5003.6,24,1301.04
2026-08-01,SEO Services,48,2,3,15,45418.74,4164.59,14,2947.78
2018-01-01,Social Media Marketing,0,0,0,0,0.0,0.0,0,0.0
2018-02-01,Social Media Marketing,0,0,0,0,0.0,0.0,0,0.0
2018-03-01,Social Media Marketing,0,0,0,0,0.0,0.0,0,0.0
2018-04-01,Social Media Marketing,0,0,0,0,0.0,0.0,0,0.0
2018-05-01,Social Media Marketing,0,0,0,0,0.0,0.0,0,0.0
2018-06-01,Social Media Marketing,5,1,0,6,14470.19,1016.73,6,2287.88
2018-07-01,Social Media Marketing,7,2,0,13,12462.51,1565.8,4,1605.96
2018-08-01,Social Media Marketing,9,2,0,14,15947.95,1460.96,6,1281.34
2018-09-01,Social Media Marketing,9,1,1,10,16755.91,2071.34,5,2078.44
2018-10-01,Social Media Marketing,9,1,1,8,17534.17,2436.03,11,2474.7
2018-11-01,Social Media Marketing,11,3,1,17,17527.94,2290.59,10,1354.48
2018-12-01,Social Media Marketing,12,2,1,24,15676.44,1216.69,6,1870.18
2019-01-01,Social Media Marketing,14,3,1,36,18528.29,1699.32,4,988.34
2019-02-01,Social Media Marketing,14,1,1,10,14284.1,1464.17,4,2286.57
2019-03-01,Social Media Marketing,16,3,1,21,14218.73,1699.42,6,943.49
2019-04-01,Social Media Marketing,16,1,1,6,15807.77,1390.53,5,1924.7
2019-05-01,Social Media Marketing,16,1,1,10,15298.2,1177.07,8,2344.63
2019-06-01,Social Media Marketing,16,1,1,6,14885.62,1584.12,5,2483.72
2019-07-01,Social Media Marketing,16,1,1,8,15643.1,1371.67,5,1921.55
2019-08-01,Social Media Marketing,16,1,1,6,15922.18,1375.93,7,1317.13
2019-09-01,Social Media Marketing,16,1,1,7,16348.03,2170.75,9,2124.04
2019-10-01,Social Media Marketing,17,2,1,14,20724.66,1467.44,8,1786.86
2019-11-01,Social Media Marketing,19,3,1,34,18552.94,1443.22,9,1018.51
2019-12-01,Social Media Marketing,19,1,1,7,18957.02,2544.75,8,2116.67
2020-01-01,Social Media Marketing,19,1,1,8,15672.62,2095.98,6,2080.02
2020-02-01,Social Media Marketing,19,1,1,11,17244.16,1035.43,9,1620.92
2020-03-01,Social Media Marketing,20,2,1,11,11237.49,824.71,4,951.44
2020-04-01,Social Media Marketing,21,2,1,12,12745.06,1274.72,5,1559.61
2020-05-01,Social Media Marketing,21,1,1,9,11339.22,1208.71,4,1258.31
2020-06-01,Social Media Marketing,20,1,2,10,12874.88,1316.89,4,1922.44
2020-07-01,Social Media Marketing,19,1,2,6,16646.18,1357.17,8,2476.99
2020-08-01,Social Media Marketing,20,2,1,13,17529.07,1519.49,7,1708.8
2020-09-01,Social Media Marketing,20,1,1,6,18037.57,1881.65,12,2260.83
2020-10-01,Social Media Marketing,20,1,1,12,18333.51,1953.22,16,1949.4
2020-11-01,Social Media Marketing,21,2,1,23,19894.6,2471.31,4,1870.51
2020-12-01,Social Media Marketing,21,1,1,10,19243.16,2170.61,7,2346.25
2021-01-01,Social Media Marketing,22,2,1,17,20357.02,1586.9,13,1690.5
2021-02-01,Social Media Marketing,23,3,2,21,20034.55,2446.86,7,929.5
2021-03-01,Social Media Marketing,24,2,1,24,22372.81,1742.56,9,1660.04
2021-04-01,Social Media Marketing,25,2,1,12,20393.45,1252.75,8,2219.06
2021-05-01,Social Media Marketing,25,2,2,11,21287.5,2214.45,17,2120.83
2021-06-01,Social Media Marketing,25,2,2,21,21816.29,2600.1,17,1883.58
2021-07-01,Social Media Marketing,26,2,1,11,17581.02,2085.99,7,1655.95
2021-08-01,Social Media Marketing,26,2,2,20,19174.52,2469.01,11,1642.28
2021-09-01,Social Media Marketing,27,2,1,13,20944.86,2911.02,10,1889.86
2021-10-01,Social Media Marketing,27,2,2,13,23532.17,1948.69,14,1443.58
2021-11-01,Social Media Marketing,27,2,2,14,25433.95,1761.86,8,2248.37
2021-12-01,Social Media Marketing,30,4,1,37,24795.36,1765.01,10,1144.3
2022-01-01,Social Media Marketing,30,2,2,17,22856.65,2562.39,11,1347.42
2022-02-01,Social Media Marketing,30,2,2,17,24279.64,2487.09,7,1630.48
2022-03-01,Social Media Marketing,31,2,1,13,22365.71,3028.15,18,1451.73
2022-04-01,Social Media Marketing,32,3,2,17,22388.89,3100.42,16,1355.69
2022-05-01,Social Media Marketing,32,3,3,37,23128.41,2224.97,6,1134.79
2022-06-01,Social Media Marketing,32,1,1,12,18430.13,2499.74,10,2464.87
2022-07-01,Social Media Marketing,33,3,2,17,19454.08,1570.08,10,1577.85
2022-08-01,Social Media Marketing,34,3,2,23,19633.58,2711.83,10,1347.18
2022-09-01,Social Media Marketing,33,2,3,20,21466.93,2446.91,10,1526.94
2022-10-01,Social Media Marketing,33,2,2,12,26099.39,2760.17,18,2046.8
2022-11-01,Social Media Marketing,35,4,2,39,23187.33,2777.12,17,962.37
2022-12-01,Social Media Marketing,34,2,3,11,24510.47,2140.33,15,1870.45
2023-01-01,Social Media Marketing,37,4,1,23,25748.43,2089.9,15,1184.66
2023-02-01,Social Media Marketing,37,2,2,20,21337.11,1926.52,9,1338.25
2023-03-01,Social Media Marketing,37,2,2,13,23382.97,3256.42,7,1043.57
2023-04-01,Social Media Marketing,37,3,3,18,24377.43,3209.05,12,1403.33
2023-05-01,Social Media Marketing,39,4,2,22,26821.3,3261.66,19,1393.54
2023-06-01,Social Media Marketing,38,2,3,12,25412.32,1723.73,13,2132.3
2023-07-01,Social Media Marketing,38,2,2,16,25167.02,3280.59,16,1617.15
2023-08-01,Social Media Marketing,39,3,2,28,27514.0,2757.3,15,1424.49
2023-09-01,Social Media Marketing,40,3,2,17,25367.11,3114.52,9,1561.45
2023-10-01,Social Media Marketing,39,2,3,14,29020.52,2352.87,7,1742.34
2023-11-01,Social Media Marketing,38,2,3,12,30843.54,2017.24,11,2053.66
2023-12-01,Social Media Marketing,41,6,3,61,31830.76,2733.03,14,1089.88
2024-01-01,Social Media Marketing,40,3,4,24,28803.06,3738.71,15,1150.07
2024-02-01,Social Media Marketing,43,6,3,54,31091.46,2748.9,13,1082.43
2024-03-01,Social Media Marketing,41,1,3,12,26391.14,1665.28,9,2337.4
2024-04-01,Social Media Marketing,44,6,3,36,29580.75,2097.8,14,1050.43
2024-05-01,Social Media Marketing,43,2,3,19,30489.13,2770.66,15,1374.99
2024-06-01,Social Media Marketing,43,3,3,19,27871.08,2517.02,13,1521.05
2024-07-01,Social Media Marketing,43,2,2,16,27511.63,3187.65,8,2355.68
2024-08-01,Social Media Marketing,42,2,3,15,33901.35,3996.1,11,1799.21
2024-09-01,Social Media Marketing,41,3,4,36,28779.95,3007.37,19,2107.31
2024-10-01,Social Media Marketing,42,3,2,20,35035.23,2674.9,29,1572.36
2024-11-01,Social Media Marketing,42,4,4,27,34454.44,3750.08,15,1219.67
2024-12-01,Social Media Marketing,42,2,2,13,33461.95,4547.81,11,2065.57
2025-01-01,Social Media Marketing,41,2,3,16,28149.13,3035.98,11,1597.82
2025-02-01,Social Media Marketing,41,2,2,18,30044.86,2222.21,10,1515.49
2025-03-01,Social Media Marketing,43,4,2,45,31051.54,2515.75,7,952.15
2025-04-01,Social Media Marketing,43,3,3,25,36632.29,4620.83,22,1817.83
2025-05-01,Social Media Marketing,42,2,3,23,33477.55,2464.8,26,2289.18
2025-06-01,Social Media Marketing,41,2,3,12,30037.93,2015.97,17,2057.99
2025-07-01,Social Media Marketing,42,4,3,25,29292.38,2903.22,15,1275.53
2025-08-01,Social Media Marketing,41,2,3,12,34142.53,3865.52,10,2229.13
2025-09-01,Social Media Marketing,42,4,3,35,34787.17,2937.37,17,1486.53
2025-10-01,Social Media Marketing,43,3,2,20,39608.44,5062.49,17,2295.37
2025-11-01,Social Media Marketing,47,8,4,95,38476.57,4611.25,28,975.6
2025-12-01,Social Media Marketing,47,3,3,17,38394.23,3094.94,18,1474.73
2026-01-01,Social Media Marketing,47,4,4,24,39548.68,4922.3,22,1854.31
2026-02-01,Social Media Marketing,49,5,3,28,36169.11,3376.49,14,1427.66
2026-03-01,Social Media Marketing,52,5,2,29,39380.58,2753.0,26,1278.72
2026-04-01,Social Media Marketing,53,3,2,20,40017.48,4423.14,16,2340.44
2026-05-01,Social Media Marketing,52,3,4,17,38335.17,4101.93,13,1837.88
2026-06-01,Social Media Marketing,51,2,3,15,34343.47,3383.18,10,2496.27
2026-07-01,Social Media Marketing,50,3,4,20,34314.86,3820.06,12,1832.77
2026-08-01,Social Media Marketing,49,2,3,15,38815.71,5039.79,10,1869.91
2018-01-01,Staff Augmentation,0,0,0,0,0.0,0.0,0,0.0
2018-02-01,Staff Augmentation,0,0,0,0,0.0,0.0,0,0.0
2018-03-01,Staff Augmentation,0,0,0,0,0.0,0.0,0,0.0
2018-04-01,Staff Augmentation,0,0,0,0,0.0,0.0,0,0.0
2018-05-01,Staff Augmentation,0,0,0,0,0.0,0.0,0,0.0
2018-06-01,Staff Augmentation,0,0,0,0,0.0,0.0,0,0.0
2018-07-01,Staff Augmentation,0,0,0,0,0.0,0.0,0,0.0
2018-08-01,Staff Augmentation,0,0,0,0,0.0,0.0,0,0.0
2018-09-01,Staff Augmentation,0,0,0,0,0.0,0.0,0,0.0
2018-10-01,Staff Augmentation,0,0,0,0,0.0,0.0,0,0.0
2018-11-01,Staff Augmentation,0,0,0,0,0.0,0.0,0,0.0
2018-12-01,Staff Augmentation,0,0,0,0,0.0,0.0,0,0.0
2019-01-01,Staff Augmentation,0,0,0,0,0.0,0.0,0,0.0
2019-02-01,Staff Augmentation,0,0,0,0,0.0,0.0,0,0.0
2019-03-01,Staff Augmentation,0,0,0,0,0.0,0.0,0,0.0
2019-04-01,Staff Augmentation,0,0,0,0,0.0,0.0,0,0.0
2019-05-01,Staff Augmentation,0,0,0,0,0.0,0.0,0,0.0
2019-06-01,Staff Augmentation,0,0,0,0,0.0,0.0,0,0.0
2019-07-01,Staff Augmentation,0,0,0,0,0.0,0.0,0,0.0
2019-08-01,Staff Augmentation,0,0,0,0,0.0,0.0,0,0.0
2019-09-01,Staff Augmentation,0,0,0,0,0.0,0.0,0,0.0
2019-10-01,Staff Augmentation,0,0,0,0,0.0,0.0,0,0.0
2019-11-01,Staff Augmentation,0,0,0,0,0.0,0.0,0,0.0
2019-12-01,Staff Augmentation,0,0,0,0,0.0,0.0,0,0.0
2020-01-01,Staff Augmentation,4,1,0,9,13194.3,926.94,1,3112.5
2020-02-01,Staff Augmentation,4,0,0,0,11303.96,1326.6,1,7512.83
2020-03-01,Staff Augmentation,4,0,0,0,9769.7,1204.51,1,4767.73
2020-04-01,Staff Augmentation,4,0,0,0,9626.26,943.37,1,6801.62
2020-05-01,Staff Augmentation,4,0,0,0,10290.78,1109.72,1,8462.47
2020-06-01,Staff Augmentation,4,0,0,0,11053.28,863.78,2,7265.33
2020-07-01,Staff Augmentation,5,1,0,7,14902.29,1626.81,4,3412.43
2020-08-01,Staff Augmentation,5,0,0,0,14298.76,1063.57,1,7612.38
2020-09-01,Staff Augmentation,5,0,0,0,12651.88,1328.65,2,7012.17
2020-10-01,Staff Augmentation,5,0,0,0,14800.92,984.28,2,5253.36
2020-11-01,Staff Augmentation,5,0,0,0,14623.39,1114.79,1,5669.4
2020-12-01,Staff Augmentation,5,0,0,0,14535.26,1023.34,3,7480.35
2021-01-01,Staff Augmentation,5,0,0,0,17012.59,2203.27,2,8351.33
2021-02-01,Staff Augmentation,5,0,0,0,16996.59,1522.96,1,8422.74
2021-03-01,Staff Augmentation,5,0,0,0,17420.07,1317.34,2,6504.29
2021-04-01,Staff Augmentation,6,1,0,6,17494.2,1457.05,4,3633.39
2021-05-01,Staff Augmentation,7,1,0,12,15768.7,1903.09,2,3322.29
2021-06-01,Staff Augmentation,7,0,0,0,16797.88,1747.64,1,8035.82
2021-07-01,Staff Augmentation,7,1,1,11,18643.66,1268.26,1,4189.79
2021-08-01,Staff Augmentation,6,0,1,0,18919.99,1623.39,1,8332.9
2021-09-01,Staff Augmentation,5,0,1,0,18533.03,2523.9,2,8318.4
2021-10-01,Staff Augmentation,6,1,0,6,19556.12,2576.63,1,5284.52
2021-11-01,Staff Augmentation,5,0,1,0,18320.5,1659.76,2,8723.87
2021-12-01,Staff Augmentation,5,0,0,0,20101.33,1291.57,5,6656.93
2022-01-01,Staff Augmentation,5,0,0,0,12774.17,1529.09,1,5479.75
2022-02-01,Staff Augmentation,5,0,0,0,15204.87,1580.07,1,6162.13
2022-03-01,Staff Augmentation,5,0,0,0,20644.47,2456.8,2,8966.09
2022-04-01,Staff Augmentation,6,1,0,11,16726.34,1156.37,2,5778.16
2022-05-01,Staff Augmentation,6,0,0,0,19006.79,2060.71,2,8443.57
2022-06-01,Staff Augmentation,6,0,0,0,17444.46,2100.25,2,7361.4
2022-07-01,Staff Augmentation,6,0,0,0,17227.57,1311.92,2,7299.24
2022-08-01,Staff Augmentation,6,0,0,0,17293.13,1256.75,1,8073.12
2022-09-01,Staff Augmentation,6,0,0,0,18159.5,2038.75,2,7750.98
2022-10-01,Staff Augmentation,6,0,0,0,17038.93,1476.01,3,6075.68
2022-11-01,Staff Augmentation,7,1,0,11,20374.03,2502.48,2,8335.19
2022-12-01,Staff Augmentation,6,0,1,0,19651.05,1986.67,2,4507.58
2023-01-01,Staff Augmentation,7,1,0,7,26110.95,2260.41,3,3184.0
2023-02-01,Staff Augmentation,8,1,0,11,21126.99,1529.54,4,4170.87
2023-03-01,Staff Augmentation,9,1,0,9,22996.53,1790.97,3,4058.41
2023-04-01,Staff Augmentation,10,1,0,6,19269.88,1287.0,2,3252.18
2023-05-01,Staff Augmentation,9,0,1,0,22126.17,2815.83,2,8084.1
2023-06-01,Staff Augmentation,9,1,1,8,24463.95,3192.82,3,3163.88
2023-07-01,Staff Augmentation,10,1,0,8,22678.93,1855.26,4,3802.08
2023-08-01,Staff Augmentation,10,1,1,8,21526.9,1307.69,2,7663.08
2023-09-01,Staff Augmentation,10,1,1,6,21260.25,1353.75,1,4015.8
2023-10-01,Staff Augmentation,10,1,1,10,24526.97,2244.26,3,4496.01
2023-11-01,Staff Augmentation,9,0,1,0,25312.01,2053.7,6,6565.94
2023-12-01,Staff Augmentation,9,1,1,8,27617.08,1757.73,4,6912.29
2024-01-01,Staff Augmentation,10,1,0,12,25995.51,1883.31,3,3451.7
2024-02-01,Staff Augmentation,10,1,1,7,26577.15,3293.9,3,4443.92
2024-03-01,Staff Augmentation,10,1,1,6,24854.37,2177.15,5,8972.45
2024-04-01,Staff Augmentation,10,1,1,7,25412.98,2269.26,5,6235.38
2024-05-01,Staff Augmentation,10,1,1,6,27522.58,3650.47,3,5899.57
2024-06-01,Staff Augmentation,10,1,1,8,27490.18,1910.8,2,7895.59
2024-07-01,Staff Augmentation,10,1,1,6,24643.4,3168.63,3,5992.01
2024-08-01,Staff Augmentation,10,0,0,0,26876.05,3382.71,3,6756.61
2024-09-01,Staff Augmentation,9,0,1,0,28958.59,3755.55,4,8359.7
2024-10-01,Staff Augmentation,9,1,1,11,29977.98,1848.17,3,4042.96
2024-11-01,Staff Augmentation,9,1,1,8,28078.34,1697.28,3,4707.38
2024-12-01,Staff Augmentation,10,1,0,9,27702.17,2774.94,4,5329.55
2025-01-01,Staff Augmentation,11,1,0,11,31425.45,3319.74,3,4351.45
2025-02-01,Staff Augmentation,11,1,1,9,28584.91,3704.66,3,5418.86
2025-03-01,Staff Augmentation,12,1,0,12,26700.47,1992.9,2,3818.82
2025-04-01,Staff Augmentation,12,1,1,10,28886.61,1809.59,2,5146.39
2025-05-01,Staff Augmentation,12,1,1,9,26203.62,3100.92,4,7802.26
2025-06-01,Staff Augmentation,12,1,1,12,35470.31,3653.55,3,6641.83
2025-07-01,Staff Augmentation,12,1,1,8,27410.55,3764.55,2,4186.6
2025-08-01,Staff Augmentation,12,1,1,9,34232.97,4661.3,5,6601.93
2025-09-01,Staff Augmentation,14,2,0,23,30100.31,2683.47,3,3790.87
2025-10-01,Staff Augmentation,14,1,1,7,30406.98,2108.17,5,4907.04
2025-11-01,Staff Augmentation,14,1,1,6,31347.45,2358.63,5,4580.73
2025-12-01,Staff Augmentation,14,1,1,7,29418.64,3295.27,2,3940.25
2026-01-01,Staff Augmentation,14,1,1,9,34024.84,2811.9,3,7399.23
2026-02-01,Staff Augmentation,14,1,1,7,33808.85,3548.16,5,3258.85
2026-03-01,Staff Augmentation,14,1,1,9,32193.12,3730.66,2,6914.28
2026-04-01,Staff Augmentation,14,1,1,7,33128.85,2939.68,4,5568.68
2026-05-01,Staff Augmentation,14,1,1,10,32578.81,3852.21,3,6166.9
2026-06-01,Staff Augmentation,14,1,1,10,29867.95,2953.27,6,6665.69
2026-07-01,Staff Augmentation,14,1,1,8,31620.52,3157.81,3,3892.29
2026-08-01,Staff Augmentation,14,1,1,12,33087.87,4224.79,8,7064.13
2018-01-01,Web & Software Development,4,1,0,10,26815.06,2092.94,1,4544.88
2018-02-01,Web & Software Development,5,1,0,6,26495.8,1824.62,3,4400.75
2018-03-01,Web & Software Development,6,1,0,8,23107.25,3215.49,4,9307.91
2018-04-01,Web & Software Development,7,1,0,8,25304.97,2069.92,2,9541.32
2018-05-01,Web & Software Development,7,0,0,0,27220.11,2605.69,4,11803.54
2018-06-01,Web & Software Development,7,1,1,9,23279.64,3254.77,1,4901.12
2018-07-01,Web & Software Development,6,0,1,0,26435.19,3033.81,1,13548.19
2018-08-01,Web & Software Development,6,0,0,0,26297.03,2585.97,2,14509.2
2018-09-01,Web & Software Development,6,0,0,0,24785.82,2934.01,2,6296.0
2018-10-01,Web & Software Development,6,0,0,0,29454.32,3983.66,2,10369.18
2018-11-01,Web & Software Development,7,1,0,7,29534.27,2420.98,2,9506.68
2018-12-01,Web & Software Development,7,0,0,0,28400.13,3769.2,2,8423.86
2019-01-01,Web & Software Development,6,0,1,0,26072.44,1586.78,3,12141.61
2019-02-01,Web & Software Development,6,0,0,0,26417.06,2222.12,4,8674.8
2019-03-01,Web & Software Development,6,0,0,0,26341.57,1844.6,5,12529.67
2019-04-01,Web & Software Development,6,0,0,0,28277.39,3701.44,3,10932.59
2019-05-01,Web & Software Development,7,1,0,8,28293.92,3135.72,2,5267.98
2019-06-01,Web & Software Development,7,0,0,0,29614.29,3388.9,2,10429.18
2019-07-01,Web & Software Development,7,0,0,0,27003.37,3446.62,4,10565.21
2019-08-01,Web & Software Development,7,0,0,0,27630.2,2251.78,2,14996.86
2019-09-01,Web & Software Development,7,1,1,8,24871.61,2066.32,4,9570.11
2019-10-01,Web & Software Development,8,1,0,7,25728.73,1989.78,3,10293.8
2019-11-01,Web & Software Development,7,0,1,0,28813.12,3268.39,1,14352.91
2019-12-01,Web & Software Development,8,1,0,9,29194.03,2256.38,2,7033.38
2020-01-01,Web & Software Development,7,0,1,0,24819.15,2742.08,3,12334.88
2020-02-01,Web & Software Development,6,0,1,0,28530.33,3070.36,1,10948.35
2020-03-01,Web & Software Development,6,0,0,0,21337.55,1669.13,1,10546.99
2020-04-01,Web & Software Development,6,0,0,0,18806.74,1671.4,1,6505.66
2020-05-01,Web & Software Development,6,0,0,0,20719.34,1857.2,1,9349.94
2020-06-01,Web & Software Development,6,0,0,0,18998.21,2024.7,2,10893.21
2020-07-01,Web & Software Development,5,0,1,0,22575.78,1915.76,2,12930.7
2020-08-01,Web & Software Development,5,0,0,0,24343.25,1473.99,1,10964.16
2020-09-01,Web & Software Development,5,0,0,0,23579.25,2080.99,1,10550.5
2020-10-01,Web & Software Development,5,0,0,0,26432.62,3222.72,2,12435.48
2020-11-01,Web & Software Development,6,1,0,7,27270.17,2065.91,3,6584.4
2020-12-01,Web & Software Development,5,0,1,0,28924.69,3769.73,2,10609.34
2021-01-01,Web & Software Development,6,1,0,12,36587.25,2217.06,1,8783.73
2021-02-01,Web & Software Development,5,0,1,0,31879.77,4168.64,2,10764.87
2021-03-01,Web & Software Development,6,1,0,6,30510.72,2391.19,1,7478.56
2021-04-01,Web & Software Development,7,1,0,11,34683.13,4347.38,4,6480.76
2021-05-01,Web & Software Development,7,0,0,0,32110.9,2702.59,5,10629.05
2021-06-01,Web & Software Development,7,0,0,0,30551.62,2552.46,3,10859.33
2021-07-01,Web & Software Development,7,0,0,0,30877.98,2717.26,1,14827.45
2021-08-01,Web & Software Development,6,0,1,0,30507.27,3743.67,3,8583.71
2021-09-01,Web & Software Development,7,1,0,9,31395.93,4382.43,2,8534.54
2021-10-01,Web & Software Development,8,1,0,9,34263.07,2118.28,3,13107.17
2021-11-01,Web & Software Development,8,1,1,6,30640.59,2259.44,2,5811.77
2021-12-01,Web & Software Development,8,1,1,6,32882.63,2114.42,3,5283.74
2022-01-01,Web & Software Development,8,1,1,12,31554.42,3002.67,4,8748.15
2022-02-01,Web & Software Development,8,0,0,0,29558.14,3841.39,2,7296.12
2022-03-01,Web & Software Development,8,1,1,7,30572.09,2614.45,1,6501.3
2022-04-01,Web & Software Development,7,0,1,0,29335.27,3305.34,4,13854.94
2022-05-01,Web & Software Development,8,1,0,7,33624.09,3241.98,4,4690.4
2022-06-01,Web & Software Development,8,1,1,7,27264.52,2434.99,1,5382.19
2022-07-01,Web & Software Development,7,0,1,0,27633.88,2043.56,4,11880.76
2022-08-01,Web & Software Development,7,1,1,8,30710.01,1850.48,1,9546.31
2022-09-01,Web & Software Development,7,1,1,7,28685.56,3117.36,1,4249.19
2022-10-01,Web & Software Development,7,0,0,0,31397.22,3775.98,2,13683.9
2022-11-01,Web & Software Development,8,1,0,12,34577.69,2218.75,1,5872.53
2022-12-01,Web & Software Development,7,0,1,0,30557.02,2822.84,2,8963.07
2023-01-01,Web & Software Development,8,1,0,7,35946.76,2440.83,5,7221.32
2023-02-01,Web & Software Development,9,1,0,10,36331.43,4505.82,2,5513.98
2023-03-01,Web & Software Development,9,0,0,0,33576.26,3190.04,2,11837.29
2023-04-01,Web & Software Development,9,1,1,7,32494.29,3273.84,3,7365.37
2023-05-01,Web & Software Development,9,0,0,0,35507.17,4265.76,2,9272.35
2023-06-01,Web & Software Development,8,0,1,0,32385.28,2344.34,2,8692.98
2023-07-01,Web & Software Development,8,1,1,8,32671.79,4459.93,2,7606.69
2023-08-01,Web & Software Development,8,1,1,7,38824.55,2881.67,3,8200.63
2023-09-01,Web & Software Development,8,0,0,0,33493.28,4112.87,2,14847.77
2023-10-01,Web & Software Development,8,1,1,7,32065.71,3879.7,3,7653.11
2023-11-01,Web & Software Development,8,1,1,7,42486.43,5016.67,3,6885.2
2023-12-01,Web & Software Development,8,0,0,0,37155.53,3493.86,4,14985.65
2024-01-01,Web & Software Development,9,1,0,6,38517.64,3564.84,3,7795.31
2024-02-01,Web & Software Development,9,0,0,0,37476.42,4054.27,2,13502.07
2024-03-01,Web & Software Development,10,1,0,10,33141.01,2937.12,2,12424.25
2024-04-01,Web & Software Development,9,0,1,0,36206.78,4688.77,2,13123.71
2024-05-01,Web & Software Development,9,1,1,10,40290.69,5360.97,3,11957.5
2024-06-01,Web & Software Development,9,1,1,8,38026.1,3388.08,2,13947.93
2024-07-01,Web & Software Development,9,1,1,6,34953.1,3293.56,2,5564.05
2024-08-01,Web & Software Development,11,2,0,14,41232.62,4618.75,2,5598.71
2024-09-01,Web & Software Development,11,1,1,7,42437.81,5205.98,4,6380.4
2024-10-01,Web & Software Development,11,1,1,6,41394.97,4344.41,4,4945.99
2024-11-01,Web & Software Development,11,1,1,9,35175.81,4046.17,6,8771.08
2024-12-01,Web & Software Development,11,1,1,7,35801.96,3163.91,4,8226.29
2025-01-01,Web & Software Development,11,1,1,10,43106.5,5094.53,2,6944.14
2025-02-01,Web & Software Development,11,1,1,8,37058.89,4552.15,8,5625.29
2025-03-01,Web & Software Development,11,1,1,7,40843.05,3618.07,4,14457.14
2025-04-01,Web & Software Development,10,0,1,0,39063.9,5293.78,4,12048.4
2025-05-01,Web & Software Development,10,1,1,9,43143.88,5441.82,4,13005.72
2025-06-01,Web & Software Development,11,2,1,21,37007.59,4978.72,2,4064.35
2025-07-01,Web & Software Development,11,1,1,11,40619.04,2782.3,2,6111.15
2025-08-01,Web & Software Development,10,0,1,0,43954.97,4861.67,8,12757.64
2025-09-01,Web & Software Development,9,0,1,0,45039.67,4767.35,2,11511.84
2025-10-01,Web & Software Development,9,1,1,6,43175.98,5631.96,5,7854.04
2025-11-01,Web & Software Development,10,1,0,9,49249.5,6345.03,6,7438.72
2025-12-01,Web & Software Development,11,1,0,8,45911.09,3168.66,4,4258.81
2026-01-01,Web & Software Development,11,1,1,7,47180.73,3212.6,3,5853.42
2026-02-01,Web & Software Development,12,2,1,20,46443.74,3327.54,3,5211.77
2026-03-01,Web & Software Development,11,0,1,0,37387.92,2836.04,2,11408.74
2026-04-01,Web & Software Development,10,0,1,0,37146.38,4464.0,4,13255.75
2026-05-01,Web & Software Development,11,2,1,14,37861.72,4088.74,2,4011.57
2026-06-01,Web & Software Development,11,1,1,9,45705.42,2977.61,3,10838.35
2026-07-01,Web & Software Development,10,0,1,0,41414.9,2979.46,2,13669.04
2026-08-01,Web & Software Development,10,1,1,7,38667.15,2803.11,5,5921.52
